"","hr","max_width90.zhou","max_width95.zhou","max_width90.zhou.m","max_width95.zhou.m","max_width90.zhou.iso","max_width95.zhou.iso"
"1",0.05,0.300653957975803,0.323982844860993,0.300653957975803,0.323982844860993,0.300653957975781,0.32398284486097
"2",0.1,0.350916248743595,0.379395548038288,0.350916248743595,0.379395548038288,0.35091624874357,0.379395548038262
