"","hr","max_width90.zhou","max_width95.zhou","max_width90.zhou.m","max_width95.zhou.m","max_width90.zhou.iso","max_width95.zhou.iso"
"1",0.15,0.334463184122115,0.365334394880609,0.334463184122115,0.365334394880609,0.334463184122089,0.365334394880584
"2",0.2,0.289332551048612,0.315517175207435,0.289332551048612,0.315517175207435,0.289332551048587,0.315517175207411
