"","is.cover90","is.cover95","SCB90","SCB95"
"1",0.895,0.95,0.29989850223239,0.332515459623462
"2",0.9,0.9575,0.313554041129099,0.350406584547225
